Algorithm,Lesion_ASR,Random_ASR,Difference,t_statistic,p_value,Significant
FGSM,0.15483870967741936,0.5870967741935483,-0.43225806451612897,-8.779855399637116,1.153768903336886e-16,True
PGD,0.5032258064516129,1.0,-0.49677419354838714,-12.249803766089165,2.413385882836663e-28,True
CW,0.2,0.0718954248366013,0.1281045751633987,3.323309390694406,0.0009975638860976403,True
DEEPFOOL,0.2967741935483871,0.23376623376623376,0.06300795978215332,1.253369958536215,0.21102479355820067,False
